Headline,url
My friend saw this 86 with a Lexus bumper conversion ðŸ‘€,https://i.redd.it/12vqeff0rmfc1.jpeg
Best route to get matching rear bumper?,https://i.redd.it/atbkx3kehvgc1.jpeg
21 Camry rear bumper alignment.,https://i.redd.it/907ewm9cdegc1.jpeg
accidentally backed into a fire hydrant and destroyed my bumper.,https://i.redd.it/2fwz75l7s29c1.jpeg
Toyota Avensis clips for underneath bumper,https://i.redd.it/txotw6j3cdgc1.jpeg
Front Bumper Cover Recall,https://www.reddit.com/r/Toyota/comments/17hsl77/front_bumper_cover_recall/
2020 RAV4 front bumper replacement/repair,https://www.reddit.com/gallery/18jb5so
2023 Camry Front Plastic Bumper Replacement,https://i.redd.it/n7gi9pb1exbc1.jpeg
Recommendation for a Toyota Rav4 2014 Front Bumper,https://www.reddit.com/r/Toyota/comments/1ap2ghy/recommendation_for_a_toyota_rav4_2014_front_bumper/
Highlander Recall Bumper Covers,https://www.reddit.com/r/Toyota/comments/17h3ol4/highlander_recall_bumper_covers/
Any way to secure this without getting a new bumper?,https://i.redd.it/29ejehyd3pib1.jpg
2023 Highlander bumper flew off.,https://www.reddit.com/gallery/16c2bmu
Toyota Corolla s bumper,https://www.reddit.com/r/Toyota/comments/162dgwc/toyota_corolla_s_bumper/
Bumper replacement on toyota matrix 2011,https://www.reddit.com/r/Toyota/comments/17nrtji/bumper_replacement_on_toyota_matrix_2011/
What is this thing under the rear bumper of Aqua,https://www.reddit.com/gallery/18e87mj
What is this thing called under rear bumper of aqua,https://i.redd.it/f5e3hxitd85c1.jpg
Bumper askew from being rear ended - stupid question: could it catch wind and come loose/off while driving on the interstate for 8+ hours?,https://i.redd.it/5lpq5chiiftb1.png
Front bumper cover suggestions,https://www.reddit.com/r/Toyota/comments/132bltv/front_bumper_cover_suggestions/
Anyway to fix the bumper screw slot for 51451F?,https://i.redd.it/l4gpgm177zob1.jpg
2020 Toyota 4Runner Limited - Front Bumper,https://www.reddit.com/r/Toyota/comments/15ddm2r/2020_toyota_4runner_limited_front_bumper/
Front bumper damage repair,https://www.reddit.com/r/Toyota/comments/11f4dlb/front_bumper_damage_repair/
Anyone have an idea how much it would cost to replace a highlander rear bumper,https://i.redd.it/epsm0qln5i9c1.jpeg
"Is it possible to order parts? 2014 Prius RR bumper and bracket, left side",https://www.reddit.com/r/Toyota/comments/19d3efo/is_it_possible_to_order_parts_2014_prius_rr/
"2018 Rav 4, engine cover under front bumper loose.",https://www.reddit.com/r/Toyota/comments/160uckc/2018_rav_4_engine_cover_under_front_bumper_loose/
Am I getting played by my dealership? Rear bumper sensors questions 2020 Camry XSE,https://www.reddit.com/r/Toyota/comments/16rrfn9/am_i_getting_played_by_my_dealership_rear_bumper/
What's missing? Parked my '21 Corolla Hatchback on the street and now this. Someone opened the little portal on the rear bumper. Did they take something?,https://www.reddit.com/gallery/16szkx0
2021 Highlander XLE rear diffuser for XSE diffuser/bumper,https://www.reddit.com/r/Toyota/comments/14sifyk/2021_highlander_xle_rear_diffuser_for_xse/
Help identify part please after debris dislodged lower bumper grill on my 2013 camry,https://www.reddit.com/gallery/142idtt
touch screen on my corolla not working and bumper falling off,https://www.reddit.com/r/Toyota/comments/15jee1u/touch_screen_on_my_corolla_not_working_and_bumper/
Does anybody know the name of this bumper (2000 Camry),https://i.redd.it/agzfuixrfmdb1.jpg
"What is this piece here called, itâ€™s separate from the bumper and hood.",https://i.redd.it/6jzamld9fjib1.jpg
To change the grill on a camry 2020 do i have to take out whole bumper?,https://www.reddit.com/r/Toyota/comments/1726lmp/to_change_the_grill_on_a_camry_2020_do_i_have_to/
Best way to fix chipped paint on 2013 rav4 front bumper ?,https://i.redd.it/jm634xqhqkdb1.jpg
"Gentle Love Tap on my Prius Bumper, caused the Blind Spot Monitor to be ""unavailable"". How much $$$ to ""repair"" this ?",https://www.reddit.com/r/Toyota/comments/1an196t/gentle_love_tap_on_my_prius_bumper_caused_the/
Was more than the bumper/lights damaged here? Looking at buying this. 2014 Camry LE Hybrid,https://i.redd.it/qs74hp1uzegb1.jpg
Anyone know if the 2021 hatchback has any computers low in the bumper?,https://www.reddit.com/r/Toyota/comments/12p23yp/anyone_know_if_the_2021_hatchback_has_any/
Question did this bumper come factory on gen 4 toyota camry gracia's?. if so what year or model?,https://i.redd.it/q432vz5kfyqb1.jpg
What is this piece that has a hole in it on the passenger side under the bumper?,https://www.reddit.com/gallery/14x49nq
Question: Is 2012 Camry front bumper engineered well to crumble easily & absorb energy when hit?,https://www.reddit.com/r/Toyota/comments/123stup/question_is_2012_camry_front_bumper_engineered/
Does anyone know the part name/number for this front-bumper piece on a 2014 Yaris LE Hatchack? I'm having a heck of a time finding it!,https://i.redd.it/d4f4cx717nnb1.jpg
Bought a Toyota Certified Pre-Owned vehicle last month with bumper damage with the promise that they would replace it but it looks like they donâ€™t want to help now.,https://www.reddit.com/r/Toyota/comments/17auwlu/bought_a_toyota_certified_preowned_vehicle_last/
